title,price,url
Готовая поставушка на форель,500 руб,https://proffish.ruproducts/gotovaya-postavushka-na-forel
"Футболка с логотипом PROFFISH, цвет меланж (серый), размер XXXL (54-56)",999 руб,https://proffish.ruproducts/futbolka-s-logotipom-proffish-tsvet-melanzh-seryj-razmer-xxxl-54-56
"Футболка с логотипом PROFFISH, цвет меланж (серый), размер XXL (52-54)",999 руб,https://proffish.ruproducts/futbolka-s-logotipom-proffish-tsvet-melanzh-seryj-razmer-xxl-52-54
"Футболка с логотипом PROFFISH, цвет меланж (серый), размер XL (50)",999 руб,https://proffish.ruproducts/futbolka-s-logotipom-proffish-tsvet-melanzh-seryj-razmer-xl-50
"Футболка с логотипом PROFFISH, цвет меланж (серый), размер L (48)",999 руб,https://proffish.ruproducts/futbolka-s-logotipom-proffish-tsvet-melanzh-seryj-razmer-l-48
"Футболка с логотипом PROFFISH, цвет меланж (серый), размер M (46)",999 руб,https://proffish.ruproducts/futbolka-s-logotipom-proffish-tsvet-melanzh-seryj-razmer-m-46
"Футболка с логотипом PROFFISH, цвет меланж (серый), размер S (44)",999 руб,https://proffish.ruproducts/futbolka-s-logotipom-proffish-tsvet-melanzh-seryj-razmer-s-44
"Футболка с логотипом PROFFISH, цвет чёрный, размер XXXL (54-56)",999 руб,https://proffish.ruproducts/futbolka-s-logotipom-proffish-tsvet-chernyj-razmer-xxxl-54-56
"Футболка с логотипом PROFFISH, цвет чёрный, размер XXL (52-54)",999 руб,https://proffish.ruproducts/futbolka-s-logotipom-proffish-tsvet-chernyj-razmer-xxl-52-54
Форелевая приманка Soorex BARREL 27мм СЫР - Микс 2 (НОВИНКА 2021),Уточняйте цену,https://proffish.ruproducts/forelevaya-primanka-soorex-barrel-27mm-syr---miks-2-novinka-2021
Форелевая приманка Soorex BARREL 27мм СЫР - Микс 1 (НОВИНКА 2021),Уточняйте цену,https://proffish.ruproducts/forelevaya-primanka-soorex-barrel-27mm-syr---miks-1-novinka-2021
Форелевая приманка Soorex BARREL 27мм СЛИВА - Фиолетовый (НОВИНКА 2021),Уточняйте цену,https://proffish.ruproducts/forelevaya-primanka-soorex-barrel-27mm-sliva---fioletovyj-novinka-2021
Костюм Зимний Norfin Atlantis + 04 Р.xl,27 436 руб,https://proffish.ruproducts/kostyum_zimnij_norfin_atlantis__04_rxl448004xl
"Ящик зимний Helios - FISHBOX, 19л, оранжевый",2 100 руб,https://proffish.ruproducts/yaschik-zimnij-helios---fishbox-19l-oranzhevyj
Рюкзак Norfin CASCADE 25 NF,2 125 руб,https://proffish.ruproducts/ryukzak_norfin_cascade_25_nfnf40231
